msm_id,prb_id,timestamp,origem,destino,jitter_ms,perda_pacotes_pct,ping_ms
2015,1008667,1791509888,2a00:a7c0:1000:1::44,2001:500:1::53,0.07790149999999985,0.0,5.488024666666665
2015,1008667,1791509890,2a00:a7c0:1000:1::44,2001:500:1::53,0.02245850000000038,0.0,5.475590666666666
2015,1008667,1791510128,2a00:a7c0:1000:1::44,2001:500:1::53,0.2646189999999997,0.0,5.5799319999999994
2015,1008667,1791510130,2a00:a7c0:1000:1::44,2001:500:1::53,0.05813250000000014,0.0,5.460851000000001
2015,1008667,1791510369,2a00:a7c0:1000:1::44,2001:500:1::53,0.030874499999999916,0.0,5.445173666666666
2015,1008667,1791510370,2a00:a7c0:1000:1::44,2001:500:1::53,0.028695499999999985,0.0,5.424421333333334
2015,1008667,1791510607,2a00:a7c0:1000:1::44,2001:500:1::53,0.0553925000000004,0.0,5.5232850000000004
2015,1008667,1791510609,2a00:a7c0:1000:1::44,2001:500:1::53,0.04701449999999996,0.0,5.497402999999999
2015,1008667,1791510847,2a00:a7c0:1000:1::44,2001:500:1::53,0.06472800000000012,0.0,5.5024716666666675
2015,1008667,1791510850,2a00:a7c0:1000:1::44,2001:500:1::53,0.07928900000000016,0.0,5.553586666666667
2015,1008667,1791511087,2a00:a7c0:1000:1::44,2001:500:1::53,0.03827500000000006,0.0,5.415464666666668
2015,1008667,1791511327,2a00:a7c0:1000:1::44,2001:500:1::53,0.00764499999999968,0.0,5.402090666666666
2015,1008667,1791511330,2a00:a7c0:1000:1::44,2001:500:1::53,0.044776999999999845,0.0,5.408251666666666
2015,1008667,1791511568,2a00:a7c0:1000:1::44,2001:500:1::53,0.06268800000000008,0.0,5.452019333333333
2015,1008667,1791511569,2a00:a7c0:1000:1::44,2001:500:1::53,0.04418999999999995,0.0,5.435249
2015,1008667,1791511810,2a00:a7c0:1000:1::44,2001:500:1::53,0.0992099999999998,0.0,5.577618
2015,1008667,1791512047,2a00:a7c0:1000:1::44,2001:500:1::53,0.18656649999999964,0.0,5.495855333333334
2015,1008667,1791512049,2a00:a7c0:1000:1::44,2001:500:1::53,0.11612449999999974,0.0,5.534806333333333
2015,1008667,1791512287,2a00:a7c0:1000:1::44,2001:500:1::53,0.06778849999999981,0.0,5.556255333333333
2015,1008667,1791512528,2a00:a7c0:1000:1::44,2001:500:1::53,0.026434999999999764,0.0,5.489507333333333
2015,1008667,1791512767,2a00:a7c0:1000:1::44,2001:500:1::53,0.029418000000000166,0.0,5.491712
2015,1008667,1791512769,2a00:a7c0:1000:1::44,2001:500:1::53,0.01517550000000023,0.0,5.450177
2015,1008667,1791513008,2a00:a7c0:1000:1::44,2001:500:1::53,0.0653889999999997,0.0,5.501363666666666
2015,1008667,1791513010,2a00:a7c0:1000:1::44,2001:500:1::53,0.08652649999999973,0.0,5.425410333333333
2015,1008667,1791513249,2a00:a7c0:1000:1::44,2001:500:1::53,0.03549300000000022,0.0,5.5765123333333335
2015,1008667,1791513250,2a00:a7c0:1000:1::44,2001:500:1::53,0.07361649999999997,0.0,5.523120666666666
