prb_id,src_addr,dst_addr,pais,country_code
1,2a10:3781:e22:1:220:4aff:fec8:23d7,2001:503:c27::2:30,Netherlands,NL
1000,2001:8003:7086:af00:220:4aff:fec7:b000,2001:503:c27::2:30,Australia,AU
1000017,2603:c020:8015:3900::23,2001:503:c27::2:30,Germany,DE
1000021,2a01:4f8:13a:13d5::2001,2001:503:c27::2:30,Germany,DE
1000032,2001:1ae9:600f:4100:da58:d7ff:fe00:1dc,2001:503:c27::2:30,Czechia,CZ
1000068,2a02:768:8e00:448:0:ffff:a13:175e,2001:503:c27::2:30,Czechia,CZ
1000096,2a00:1a28:1157:38f::658d,2001:503:c27::2:30,Sweden,SE
10001,2a10:3781:e22:1:fad1:11ff:fea9:f090,2001:503:c27::2:30,Netherlands,NL
1000198,2a01:9640:c36:5d0:da58:d7ff:fe00:3ae1,2001:503:c27::2:30,Czechia,CZ
1000203,2405:f600:12::197,2001:503:c27::2:30,India,IN
1000245,2001:8f8:1927:3422::1,2001:503:c27::2:30,United Arab Emirates,AE
1000280,2a04:9dc0:247:0:225:90ff:fedb:c000,2001:503:c27::2:30,Romania,RO
1000315,fd00:e699:b05b:0:216:3eff:fe6c:bc59,2001:503:c27::2:30,Germany,DE
1000395,2a00:6d40:72:27f7::1,2001:503:c27::2:30,Italy,IT
1000426,2a01:11:8000::14d3,2001:503:c27::2:30,Portugal,PT
1000442,2001:4c3c:2b0c:4f15::2900,2001:503:c27::2:30,Netherlands,NL
1000533,2a04:c9c0:0:88:d41f:6fff:fe0a:6d52,2001:503:c27::2:30,Germany,DE
1000597,2a06:e881:7300:1::2,2001:503:c27::2:30,Germany,DE
1000673,2001:470:df:104::2,2001:503:c27::2:30,United States of America,US
1000701,2600:3c03::f03c:91ff:fe4a:6e8c,2001:503:c27::2:30,United States of America,US
1000702,2a00:2381:d6af:15::99,2001:503:c27::2:30,United Kingdom,GB
1000709,2600:1f1e:2f1:de00:d3a:4e7e:8ea7:8775,2001:503:c27::2:30,Brazil,BR
1000769,2403:5809:2a6d::a:71a5,2001:503:c27::2:30,Australia,AU
1000781,2600:4040:5216:5001:5054:ff:fef5:9f69,2001:503:c27::2:30,United States of America,US
1000811,2a01:9421:3003:201::1,2001:503:c27::2:30,Czechia,CZ
1000818,2a03:9800:2000:8032:6b0:4dca:6995:ba60,2001:503:c27::2:30,United Kingdom,GB
1000827,2a02:810d:5a0d:a00:289b:244e:e732:9a66,2001:503:c27::2:30,Germany,DE
1000929,2001:bb6:5fe:c840::1,2001:503:c27::2:30,Ireland,IE
1000930,2400:a842:423d:130::16,2001:503:c27::2:30,Australia,AU
1000944,2a05:e200:1:77::1,2001:503:c27::2:30,United Kingdom,GB
